,abilities,hp,name,sp_attack,sp_defense,speed,type1,type2,generation,abilities1,abilities2,abilities3,abilities4,abilities5,abilities6
322,"'Magma Armor', 'Solid Rock', 'Anger Point'",70,Camerupt,145,105,20,fire,ground,3,'Magma Armor', 'Solid Rock', 'Anger Point',,,
323,"'White Smoke', 'Drought', 'Shell Armor'",70,Torkoal,85,70,20,fire,,3,'White Smoke', 'Drought', 'Shell Armor',,,
324,"'Thick Fat', 'Own Tempo', 'Gluttony'",60,Spoink,70,80,60,psychic,,3,'Thick Fat', 'Own Tempo', 'Gluttony',,,
325,"'Thick Fat', 'Own Tempo', 'Gluttony'",80,Grumpig,90,110,80,psychic,,3,'Thick Fat', 'Own Tempo', 'Gluttony',,,
326,"'Own Tempo', 'Tangled Feet', 'Contrary'",60,Spinda,60,60,60,normal,,3,'Own Tempo', 'Tangled Feet', 'Contrary',,,
327,"'Hyper Cutter', 'Arena Trap', 'Sheer Force'",45,Trapinch,45,45,10,ground,,3,'Hyper Cutter', 'Arena Trap', 'Sheer Force',,,
328,'Levitate',50,Vibrava,50,50,70,ground,dragon,3,'Levitate',,,,,
329,'Levitate',80,Flygon,80,80,100,ground,dragon,3,'Levitate',,,,,
330,"'Sand Veil', 'Water Absorb'",50,Cacnea,85,40,35,grass,,3,'Sand Veil', 'Water Absorb',,,,
331,"'Sand Veil', 'Water Absorb'",70,Cacturne,115,60,55,grass,dark,3,'Sand Veil', 'Water Absorb',,,,
332,"'Natural Cure', 'Cloud Nine'",45,Swablu,40,75,50,normal,flying,3,'Natural Cure', 'Cloud Nine',,,,
333,"'Natural Cure', 'Cloud Nine'",75,Altaria,110,105,80,dragon,flying,3,'Natural Cure', 'Cloud Nine',,,,
334,"'Immunity', 'Toxic Boost'",73,Zangoose,60,60,90,normal,,3,'Immunity', 'Toxic Boost',,,,
335,"'Shed Skin', 'Infiltrator'",73,Seviper,100,60,65,poison,,3,'Shed Skin', 'Infiltrator',,,,
336,'Levitate',90,Lunatone,95,85,70,rock,psychic,3,'Levitate',,,,,
337,'Levitate',90,Solrock,55,65,70,rock,psychic,3,'Levitate',,,,,
338,"'Oblivious', 'Anticipation', 'Hydration'",50,Barboach,46,41,60,water,ground,3,'Oblivious', 'Anticipation', 'Hydration',,,
339,"'Oblivious', 'Anticipation', 'Hydration'",110,Whiscash,76,71,60,water,ground,3,'Oblivious', 'Anticipation', 'Hydration',,,
340,"'Hyper Cutter', 'Shell Armor', 'Adaptability'",43,Corphish,50,35,35,water,,3,'Hyper Cutter', 'Shell Armor', 'Adaptability',,,
341,"'Hyper Cutter', 'Shell Armor', 'Adaptability'",63,Crawdaunt,90,55,55,water,dark,3,'Hyper Cutter', 'Shell Armor', 'Adaptability',,,
342,'Levitate',40,Baltoy,40,70,55,ground,psychic,3,'Levitate',,,,,
343,'Levitate',60,Claydol,70,120,75,ground,psychic,3,'Levitate',,,,,
344,"'Suction Cups', 'Storm Drain'",66,Lileep,61,87,23,rock,grass,3,'Suction Cups', 'Storm Drain',,,,
345,"'Suction Cups', 'Storm Drain'",86,Cradily,81,107,43,rock,grass,3,'Suction Cups', 'Storm Drain',,,,
346,"'Battle Armor', 'Swift Swim'",45,Anorith,40,50,75,rock,bug,3,'Battle Armor', 'Swift Swim',,,,
347,"'Battle Armor', 'Swift Swim'",75,Armaldo,70,80,45,rock,bug,3,'Battle Armor', 'Swift Swim',,,,
348,"'Swift Swim', 'Oblivious', 'Adaptability'",20,Feebas,10,55,80,water,,3,'Swift Swim', 'Oblivious', 'Adaptability',,,
349,"'Marvel Scale', 'Competitive', 'Cute Charm'",95,Milotic,100,125,81,water,,3,'Marvel Scale', 'Competitive', 'Cute Charm',,,
350,'Forecast',70,Castform,70,70,70,normal,,3,'Forecast',,,,,
351,"'Color Change', 'Protean'",60,Kecleon,60,120,40,normal,,3,'Color Change', 'Protean',,,,
352,"'Insomnia', 'Frisk', 'Cursed Body'",44,Shuppet,63,33,45,ghost,,3,'Insomnia', 'Frisk', 'Cursed Body',,,
353,"'Insomnia', 'Frisk', 'Cursed Body'",64,Banette,93,83,75,ghost,,3,'Insomnia', 'Frisk', 'Cursed Body',,,
354,"'Levitate', 'Frisk'",20,Duskull,30,90,25,ghost,,3,'Levitate', 'Frisk',,,,
355,"'Pressure', 'Frisk'",40,Dusclops,60,130,25,ghost,,3,'Pressure', 'Frisk',,,,
356,"'Chlorophyll', 'Solar Power', 'Harvest'",99,Tropius,72,87,51,grass,flying,3,'Chlorophyll', 'Solar Power', 'Harvest',,,
357,'Levitate',75,Chimecho,95,90,65,psychic,,3,'Levitate',,,,,
358,"'Pressure', 'Super Luck', 'Justified'",65,Absol,115,60,115,dark,,3,'Pressure', 'Super Luck', 'Justified',,,
359,"'Shadow Tag', 'Telepathy'",95,Wynaut,23,48,23,psychic,,3,'Shadow Tag', 'Telepathy',,,,
360,"'Inner Focus', 'Ice Body', 'Moody'",50,Snorunt,50,50,50,ice,,3,'Inner Focus', 'Ice Body', 'Moody',,,
361,"'Inner Focus', 'Ice Body', 'Moody'",80,Glalie,120,80,100,ice,,3,'Inner Focus', 'Ice Body', 'Moody',,,
362,"'Thick Fat', 'Ice Body', 'Oblivious'",70,Spheal,55,50,25,ice,water,3,'Thick Fat', 'Ice Body', 'Oblivious',,,
363,"'Thick Fat', 'Ice Body', 'Oblivious'",90,Sealeo,75,70,45,ice,water,3,'Thick Fat', 'Ice Body', 'Oblivious',,,
364,"'Thick Fat', 'Ice Body', 'Oblivious'",110,Walrein,95,90,65,ice,water,3,'Thick Fat', 'Ice Body', 'Oblivious',,,
365,"'Shell Armor', 'Rattled'",35,Clamperl,74,55,32,water,,3,'Shell Armor', 'Rattled',,,,
366,"'Swift Swim', 'Water Veil'",55,Huntail,94,75,52,water,,3,'Swift Swim', 'Water Veil',,,,
367,"'Swift Swim', 'Hydration'",55,Gorebyss,114,75,52,water,,3,'Swift Swim', 'Hydration',,,,
368,"'Swift Swim', 'Rock Head', 'Sturdy'",100,Relicanth,45,65,55,water,rock,3,'Swift Swim', 'Rock Head', 'Sturdy',,,
369,"'Swift Swim', 'Hydration'",43,Luvdisc,40,65,97,water,,3,'Swift Swim', 'Hydration',,,,
370,"'Rock Head', 'Sheer Force'",45,Bagon,40,30,50,dragon,,3,'Rock Head', 'Sheer Force',,,,
371,"'Rock Head', 'Overcoat'",65,Shelgon,60,50,50,dragon,,3,'Rock Head', 'Overcoat',,,,
372,"'Intimidate', 'Moxie'",95,Salamence,120,90,120,dragon,flying,3,'Intimidate', 'Moxie',,,,
373,"'Clear Body', 'Light Metal'",40,Beldum,35,60,30,steel,psychic,3,'Clear Body', 'Light Metal',,,,
374,"'Clear Body', 'Light Metal'",60,Metang,55,80,50,steel,psychic,3,'Clear Body', 'Light Metal',,,,
375,"'Clear Body', 'Light Metal'",80,Metagross,105,110,110,steel,psychic,3,'Clear Body', 'Light Metal',,,,
376,"'Clear Body', 'Sturdy'",80,Regirock,50,100,50,rock,,3,'Clear Body', 'Sturdy',,,,
377,"'Clear Body', 'Ice Body'",80,Regice,100,200,50,ice,,3,'Clear Body', 'Ice Body',,,,
378,"'Clear Body', 'Light Metal'",80,Registeel,75,150,50,steel,,3,'Clear Body', 'Light Metal',,,,
379,'Levitate',80,Latias,140,150,110,dragon,psychic,3,'Levitate',,,,,
380,'Levitate',80,Latios,160,120,110,dragon,psychic,3,'Levitate',,,,,
381,'Drizzle',100,Kyogre,180,160,90,water,,3,'Drizzle',,,,,
382,'Drought',100,Groudon,150,90,90,ground,,3,'Drought',,,,,
383,'Air Lock',105,Rayquaza,180,100,115,dragon,flying,3,'Air Lock',,,,,
384,'Serene Grace',100,Jirachi,100,100,100,steel,psychic,3,'Serene Grace',,,,,
385,'Pressure',50,Deoxys,95,90,180,psychic,,3,'Pressure',,,,,
386,"'Overgrow', 'Shell Armor'",55,Turtwig,45,55,31,grass,,4,'Overgrow', 'Shell Armor',,,,
387,"'Overgrow', 'Shell Armor'",75,Grotle,55,65,36,grass,,4,'Overgrow', 'Shell Armor',,,,
388,"'Overgrow', 'Shell Armor'",95,Torterra,75,85,56,grass,ground,4,'Overgrow', 'Shell Armor',,,,
389,"'Blaze', 'Iron Fist'",44,Chimchar,58,44,61,fire,,4,'Blaze', 'Iron Fist',,,,
390,"'Blaze', 'Iron Fist'",64,Monferno,78,52,81,fire,fighting,4,'Blaze', 'Iron Fist',,,,
391,"'Blaze', 'Iron Fist'",76,Infernape,104,71,108,fire,fighting,4,'Blaze', 'Iron Fist',,,,
392,"'Torrent', 'Defiant'",53,Piplup,61,56,40,water,,4,'Torrent', 'Defiant',,,,
393,"'Torrent', 'Defiant'",64,Prinplup,81,76,50,water,,4,'Torrent', 'Defiant',,,,
394,"'Torrent', 'Defiant'",84,Empoleon,111,101,60,water,steel,4,'Torrent', 'Defiant',,,,
395,"'Keen Eye', 'Reckless'",40,Starly,30,30,60,normal,flying,4,'Keen Eye', 'Reckless',,,,
396,"'Intimidate', 'Reckless'",55,Staravia,40,40,80,normal,flying,4,'Intimidate', 'Reckless',,,,
397,"'Intimidate', 'Reckless'",85,Staraptor,50,60,100,normal,flying,4,'Intimidate', 'Reckless',,,,
398,"'Simple', 'Unaware', 'Moody'",59,Bidoof,35,40,31,normal,,4,'Simple', 'Unaware', 'Moody',,,
399,"'Simple', 'Unaware', 'Moody'",79,Bibarel,55,60,71,normal,water,4,'Simple', 'Unaware', 'Moody',,,
400,"'Shed Skin', 'Run Away'",37,Kricketot,25,41,25,bug,,4,'Shed Skin', 'Run Away',,,,
401,"'Swarm', 'Technician'",77,Kricketune,55,51,65,bug,,4,'Swarm', 'Technician',,,,
402,"'Rivalry', 'Intimidate', 'Guts'",45,Shinx,40,34,45,electric,,4,'Rivalry', 'Intimidate', 'Guts',,,
403,"'Rivalry', 'Intimidate', 'Guts'",60,Luxio,60,49,60,electric,,4,'Rivalry', 'Intimidate', 'Guts',,,
404,"'Rivalry', 'Intimidate', 'Guts'",80,Luxray,95,79,70,electric,,4,'Rivalry', 'Intimidate', 'Guts',,,
405,"'Natural Cure', 'Poison Point', 'Leaf Guard'",40,Budew,50,70,55,grass,poison,4,'Natural Cure', 'Poison Point', 'Leaf Guard',,,
406,"'Natural Cure', 'Poison Point', 'Technician'",60,Roserade,125,105,90,grass,poison,4,'Natural Cure', 'Poison Point', 'Technician',,,
407,"'Mold Breaker', 'Sheer Force'",67,Cranidos,30,30,58,rock,,4,'Mold Breaker', 'Sheer Force',,,,
408,"'Mold Breaker', 'Sheer Force'",97,Rampardos,65,50,58,rock,,4,'Mold Breaker', 'Sheer Force',,,,
409,"'Sturdy', 'Soundproof'",30,Shieldon,42,88,30,rock,steel,4,'Sturdy', 'Soundproof',,,,
410,"'Sturdy', 'Soundproof'",60,Bastiodon,47,138,30,rock,steel,4,'Sturdy', 'Soundproof',,,,
411,"'Shed Skin', 'Overcoat'",40,Burmy,29,45,36,bug,,4,'Shed Skin', 'Overcoat',,,,
412,"'Anticipation', 'Overcoat'",60,Wormadam,69,95,36,bug,grass,4,'Anticipation', 'Overcoat',,,,
413,"'Swarm', 'Tinted Lens'",70,Mothim,94,50,66,bug,flying,4,'Swarm', 'Tinted Lens',,,,
414,"'Honey Gather', 'Hustle'",30,Combee,30,42,70,bug,flying,4,'Honey Gather', 'Hustle',,,,
415,"'Pressure', 'Unnerve'",70,Vespiquen,80,102,40,bug,flying,4,'Pressure', 'Unnerve',,,,
416,"'Run Away', 'Pickup', 'Volt Absorb'",60,Pachirisu,45,90,95,electric,,4,'Run Away', 'Pickup', 'Volt Absorb',,,
417,"'Swift Swim', 'Water Veil'",55,Buizel,60,30,85,water,,4,'Swift Swim', 'Water Veil',,,,
418,"'Swift Swim', 'Water Veil'",85,Floatzel,85,50,115,water,,4,'Swift Swim', 'Water Veil',,,,
419,'Chlorophyll',45,Cherubi,62,53,35,grass,,4,'Chlorophyll',,,,,
420,'Flower Gift',70,Cherrim,87,78,85,grass,,4,'Flower Gift',,,,,
421,"'Sticky Hold', 'Storm Drain', 'Sand Force'",76,Shellos,57,62,34,water,,4,'Sticky Hold', 'Storm Drain', 'Sand Force',,,
422,"'Sticky Hold', 'Storm Drain', 'Sand Force'",111,Gastrodon,92,82,39,water,ground,4,'Sticky Hold', 'Storm Drain', 'Sand Force',,,
423,"'Technician', 'Pickup', 'Skill Link'",75,Ambipom,60,66,115,normal,,4,'Technician', 'Pickup', 'Skill Link',,,
424,"'Aftermath', 'Unburden', 'Flare Boost'",90,Drifloon,60,44,70,ghost,flying,4,'Aftermath', 'Unburden', 'Flare Boost',,,
425,"'Aftermath', 'Unburden', 'Flare Boost'",150,Drifblim,90,54,80,ghost,flying,4,'Aftermath', 'Unburden', 'Flare Boost',,,
426,"'Run Away', 'Klutz', 'Limber'",55,Buneary,44,56,85,normal,,4,'Run Away', 'Klutz', 'Limber',,,
427,"'Cute Charm', 'Klutz', 'Limber'",65,Lopunny,54,96,135,normal,,4,'Cute Charm', 'Klutz', 'Limber',,,
428,'Levitate',60,Mismagius,105,105,105,ghost,,4,'Levitate',,,,,
429,"'Insomnia', 'Super Luck', 'Moxie'",100,Honchkrow,105,52,71,dark,flying,4,'Insomnia', 'Super Luck', 'Moxie',,,
430,"'Limber', 'Own Tempo', 'Keen Eye'",49,Glameow,42,37,85,normal,,4,'Limber', 'Own Tempo', 'Keen Eye',,,
431,"'Thick Fat', 'Own Tempo', 'Defiant'",71,Purugly,64,59,112,normal,,4,'Thick Fat', 'Own Tempo', 'Defiant',,,
432,'Levitate',45,Chingling,65,50,45,psychic,,4,'Levitate',,,,,
433,"'Stench', 'Aftermath', 'Keen Eye'",63,Stunky,41,41,74,poison,dark,4,'Stench', 'Aftermath', 'Keen Eye',,,
434,"'Stench', 'Aftermath', 'Keen Eye'",103,Skuntank,71,61,84,poison,dark,4,'Stench', 'Aftermath', 'Keen Eye',,,
435,"'Levitate', 'Heatproof', 'Heavy Metal'",57,Bronzor,24,86,23,steel,psychic,4,'Levitate', 'Heatproof', 'Heavy Metal',,,
436,"'Levitate', 'Heatproof', 'Heavy Metal'",67,Bronzong,79,116,33,steel,psychic,4,'Levitate', 'Heatproof', 'Heavy Metal',,,
437,"'Sturdy', 'Rock Head', 'Rattled'",50,Bonsly,10,45,10,rock,,4,'Sturdy', 'Rock Head', 'Rattled',,,
438,"'Soundproof', 'Filter', 'Technician'",20,Mime Jr.,70,90,60,psychic,fairy,4,'Soundproof', 'Filter', 'Technician',,,
439,"'Natural Cure', 'Serene Grace', 'Friend Guard'",100,Happiny,15,65,30,normal,,4,'Natural Cure', 'Serene Grace', 'Friend Guard',,,
440,"'Keen Eye', 'Tangled Feet', 'Big Pecks'",76,Chatot,92,42,91,normal,flying,4,'Keen Eye', 'Tangled Feet', 'Big Pecks',,,
441,"'Pressure', 'Infiltrator'",50,Spiritomb,92,108,35,ghost,dark,4,'Pressure', 'Infiltrator',,,,
442,"'Sand Veil', 'Rough Skin'",58,Gible,40,45,42,dragon,ground,4,'Sand Veil', 'Rough Skin',,,,
443,"'Sand Veil', 'Rough Skin'",68,Gabite,50,55,82,dragon,ground,4,'Sand Veil', 'Rough Skin',,,,
444,"'Sand Veil', 'Rough Skin'",108,Garchomp,120,95,92,dragon,ground,4,'Sand Veil', 'Rough Skin',,,,
445,"'Pickup', 'Thick Fat', 'Gluttony'",135,Munchlax,40,85,5,normal,,4,'Pickup', 'Thick Fat', 'Gluttony',,,
446,"'Steadfast', 'Inner Focus', 'Prankster'",40,Riolu,35,40,60,fighting,,4,'Steadfast', 'Inner Focus', 'Prankster',,,
447,"'Steadfast', 'Inner Focus', 'Justified'",70,Lucario,140,70,112,fighting,steel,4,'Steadfast', 'Inner Focus', 'Justified',,,
448,"'Sand Stream', 'Sand Force'",68,Hippopotas,38,42,32,ground,,4,'Sand Stream', 'Sand Force',,,,
449,"'Sand Stream', 'Sand Force'",108,Hippowdon,68,72,47,ground,,4,'Sand Stream', 'Sand Force',,,,
450,"'Battle Armor', 'Sniper', 'Keen Eye'",40,Skorupi,30,55,65,poison,bug,4,'Battle Armor', 'Sniper', 'Keen Eye',,,
451,"'Battle Armor', 'Sniper', 'Keen Eye'",70,Drapion,60,75,95,poison,dark,4,'Battle Armor', 'Sniper', 'Keen Eye',,,
452,"'Anticipation', 'Dry Skin', 'Poison Touch'",48,Croagunk,61,40,50,poison,fighting,4,'Anticipation', 'Dry Skin', 'Poison Touch',,,
453,"'Anticipation', 'Dry Skin', 'Poison Touch'",83,Toxicroak,86,65,85,poison,fighting,4,'Anticipation', 'Dry Skin', 'Poison Touch',,,
454,'Levitate',74,Carnivine,90,72,46,grass,,4,'Levitate',,,,,
455,"'Swift Swim', 'Storm Drain', 'Water Veil'",49,Finneon,49,61,66,water,,4,'Swift Swim', 'Storm Drain', 'Water Veil',,,
456,"'Swift Swim', 'Storm Drain', 'Water Veil'",69,Lumineon,69,86,91,water,,4,'Swift Swim', 'Storm Drain', 'Water Veil',,,
457,"'Swift Swim', 'Water Absorb', 'Water Veil'",45,Mantyke,60,120,50,water,flying,4,'Swift Swim', 'Water Absorb', 'Water Veil',,,
458,"'Snow Warning', 'Soundproof'",60,Snover,62,60,40,grass,ice,4,'Snow Warning', 'Soundproof',,,,
459,"'Snow Warning', 'Soundproof'",90,Abomasnow,132,105,30,grass,ice,4,'Snow Warning', 'Soundproof',,,,
460,"'Pressure', 'Pickpocket'",70,Weavile,45,85,125,dark,ice,4,'Pressure', 'Pickpocket',,,,
461,"'Magnet Pull', 'Sturdy', 'Analytic'",70,Magnezone,130,90,60,electric,steel,4,'Magnet Pull', 'Sturdy', 'Analytic',,,
462,"'Own Tempo', 'Oblivious', 'Cloud Nine'",110,Lickilicky,80,95,50,normal,,4,'Own Tempo', 'Oblivious', 'Cloud Nine',,,
463,"'Lightningrod', 'Solid Rock', 'Reckless'",115,Rhyperior,55,55,40,ground,rock,4,'Lightningrod', 'Solid Rock', 'Reckless',,,
464,"'Chlorophyll', 'Leaf Guard', 'Regenerator'",100,Tangrowth,110,50,50,grass,,4,'Chlorophyll', 'Leaf Guard', 'Regenerator',,,
465,"'Motor Drive', 'Vital Spirit'",75,Electivire,95,85,95,electric,,4,'Motor Drive', 'Vital Spirit',,,,
466,"'Flame Body', 'Vital Spirit'",75,Magmortar,125,95,83,fire,,4,'Flame Body', 'Vital Spirit',,,,
467,"'Hustle', 'Serene Grace', 'Super Luck'",85,Togekiss,120,115,80,fairy,flying,4,'Hustle', 'Serene Grace', 'Super Luck',,,
468,"'Speed Boost', 'Tinted Lens', 'Frisk'",86,Yanmega,116,56,95,bug,flying,4,'Speed Boost', 'Tinted Lens', 'Frisk',,,
469,"'Leaf Guard', 'Chlorophyll'",65,Leafeon,60,65,95,grass,,4,'Leaf Guard', 'Chlorophyll',,,,
470,"'Snow Cloak', 'Ice Body'",65,Glaceon,130,95,65,ice,,4,'Snow Cloak', 'Ice Body',,,,
471,"'Hyper Cutter', 'Sand Veil', 'Poison Heal'",75,Gliscor,45,75,95,ground,flying,4,'Hyper Cutter', 'Sand Veil', 'Poison Heal',,,
472,"'Oblivious', 'Snow Cloak', 'Thick Fat'",110,Mamoswine,70,60,80,ice,ground,4,'Oblivious', 'Snow Cloak', 'Thick Fat',,,
473,"'Adaptability', 'Download', 'Analytic'",85,Porygon-Z,135,75,90,normal,,4,'Adaptability', 'Download', 'Analytic',,,
474,"'Steadfast', 'Justified'",68,Gallade,65,115,110,psychic,fighting,4,'Steadfast', 'Justified',,,,
475,"'Sturdy', 'Magnet Pull', 'Sand Force'",60,Probopass,75,150,40,rock,steel,4,'Sturdy', 'Magnet Pull', 'Sand Force',,,
476,"'Pressure', 'Frisk'",45,Dusknoir,65,135,45,ghost,,4,'Pressure', 'Frisk',,,,
477,"'Snow Cloak', 'Cursed Body'",70,Froslass,80,70,110,ice,ghost,4,'Snow Cloak', 'Cursed Body',,,,
478,'Levitate',50,Rotom,105,107,86,electric,ghost,4,'Levitate',,,,,
479,'Levitate',75,Uxie,75,130,95,psychic,,4,'Levitate',,,,,
480,'Levitate',80,Mesprit,105,105,80,psychic,,4,'Levitate',,,,,
481,'Levitate',75,Azelf,125,70,115,psychic,,4,'Levitate',,,,,
482,"'Pressure', 'Telepathy'",100,Dialga,150,100,90,steel,dragon,4,'Pressure', 'Telepathy',,,,
483,"'Pressure', 'Telepathy'",90,Palkia,150,120,100,water,dragon,4,'Pressure', 'Telepathy',,,,
484,"'Flash Fire', 'Flame Body'",91,Heatran,130,106,77,fire,steel,4,'Flash Fire', 'Flame Body',,,,
485,'Slow Start',110,Regigigas,80,110,100,normal,,4,'Slow Start',,,,,
486,"'Pressure', 'Telepathy', 'Levitate'",150,Giratina,120,100,90,ghost,dragon,4,'Pressure', 'Telepathy', 'Levitate',,,
487,'Levitate',120,Cresselia,75,130,85,psychic,,4,'Levitate',,,,,
488,'Hydration',80,Phione,80,80,80,water,,4,'Hydration',,,,,
489,'Hydration',100,Manaphy,100,100,100,water,,4,'Hydration',,,,,
490,'Bad Dreams',70,Darkrai,135,90,125,dark,,4,'Bad Dreams',,,,,
491,"'Natural Cure', 'Serene Grace'",100,Shaymin,120,75,127,grass,grass,4,'Natural Cure', 'Serene Grace',,,,
492,'Multitype',120,Arceus,120,120,120,normal,,4,'Multitype',,,,,
493,'Victory Star',100,Victini,100,100,100,psychic,fire,5,'Victory Star',,,,,
494,"'Overgrow', 'Contrary'",45,Snivy,45,55,63,grass,,5,'Overgrow', 'Contrary',,,,
495,"'Overgrow', 'Contrary'",60,Servine,60,75,83,grass,,5,'Overgrow', 'Contrary',,,,
496,"'Overgrow', 'Contrary'",75,Serperior,75,95,113,grass,,5,'Overgrow', 'Contrary',,,,
497,"'Blaze', 'Thick Fat'",65,Tepig,45,45,45,fire,,5,'Blaze', 'Thick Fat',,,,
498,"'Blaze', 'Thick Fat'",90,Pignite,70,55,55,fire,fighting,5,'Blaze', 'Thick Fat',,,,
499,"'Blaze', 'Reckless'",110,Emboar,100,65,65,fire,fighting,5,'Blaze', 'Reckless',,,,
500,"'Torrent', 'Shell Armor'",55,Oshawott,63,45,45,water,,5,'Torrent', 'Shell Armor',,,,
501,"'Torrent', 'Shell Armor'",75,Dewott,83,60,60,water,,5,'Torrent', 'Shell Armor',,,,
502,"'Torrent', 'Shell Armor'",95,Samurott,108,70,70,water,,5,'Torrent', 'Shell Armor',,,,
503,"'Run Away', 'Keen Eye', 'Analytic'",45,Patrat,35,39,42,normal,,5,'Run Away', 'Keen Eye', 'Analytic',,,
504,"'Illuminate', 'Keen Eye', 'Analytic'",60,Watchog,60,69,77,normal,,5,'Illuminate', 'Keen Eye', 'Analytic',,,
505,"'Vital Spirit', 'Pickup', 'Run Away'",45,Lillipup,25,45,55,normal,,5,'Vital Spirit', 'Pickup', 'Run Away',,,
506,"'Intimidate', 'Sand Rush', 'Scrappy'",65,Herdier,35,65,60,normal,,5,'Intimidate', 'Sand Rush', 'Scrappy',,,
507,"'Intimidate', 'Sand Rush', 'Scrappy'",85,Stoutland,45,90,80,normal,,5,'Intimidate', 'Sand Rush', 'Scrappy',,,
508,"'Limber', 'Unburden', 'Prankster'",41,Purrloin,50,37,66,dark,,5,'Limber', 'Unburden', 'Prankster',,,
509,"'Limber', 'Unburden', 'Prankster'",64,Liepard,88,50,106,dark,,5,'Limber', 'Unburden', 'Prankster',,,
510,"'Gluttony', 'Overgrow'",50,Pansage,53,48,64,grass,,5,'Gluttony', 'Overgrow',,,,
511,"'Gluttony', 'Overgrow'",75,Simisage,98,63,101,grass,,5,'Gluttony', 'Overgrow',,,,
512,"'Gluttony', 'Blaze'",50,Pansear,53,48,64,fire,,5,'Gluttony', 'Blaze',,,,
513,"'Gluttony', 'Blaze'",75,Simisear,98,63,101,fire,,5,'Gluttony', 'Blaze',,,,
514,"'Gluttony', 'Torrent'",50,Panpour,53,48,64,water,,5,'Gluttony', 'Torrent',,,,
515,"'Gluttony', 'Torrent'",75,Simipour,98,63,101,water,,5,'Gluttony', 'Torrent',,,,
516,"'Forewarn', 'Synchronize', 'Telepathy'",76,Munna,67,55,24,psychic,,5,'Forewarn', 'Synchronize', 'Telepathy',,,
517,"'Forewarn', 'Synchronize', 'Telepathy'",116,Musharna,107,95,29,psychic,,5,'Forewarn', 'Synchronize', 'Telepathy',,,
518,"'Big Pecks', 'Super Luck', 'Rivalry'",50,Pidove,36,30,43,normal,flying,5,'Big Pecks', 'Super Luck', 'Rivalry',,,
519,"'Big Pecks', 'Super Luck', 'Rivalry'",62,Tranquill,50,42,65,normal,flying,5,'Big Pecks', 'Super Luck', 'Rivalry',,,
520,"'Big Pecks', 'Super Luck', 'Rivalry'",80,Unfezant,65,55,93,normal,flying,5,'Big Pecks', 'Super Luck', 'Rivalry',,,
521,"'Lightningrod', 'Motor Drive', 'Sap Sipper'",45,Blitzle,50,32,76,electric,,5,'Lightningrod', 'Motor Drive', 'Sap Sipper',,,
522,"'Lightningrod', 'Motor Drive', 'Sap Sipper'",75,Zebstrika,80,63,116,electric,,5,'Lightningrod', 'Motor Drive', 'Sap Sipper',,,
523,"'Sturdy', 'Weak Armor', 'Sand Force'",55,Roggenrola,25,25,15,rock,,5,'Sturdy', 'Weak Armor', 'Sand Force',,,
524,"'Sturdy', 'Weak Armor', 'Sand Force'",70,Boldore,50,40,20,rock,,5,'Sturdy', 'Weak Armor', 'Sand Force',,,
525,"'Sturdy', 'Sand Stream', 'Sand Force'",85,Gigalith,60,80,25,rock,,5,'Sturdy', 'Sand Stream', 'Sand Force',,,
526,"'Unaware', 'Klutz', 'Simple'",65,Woobat,55,43,72,psychic,flying,5,'Unaware', 'Klutz', 'Simple',,,
527,"'Unaware', 'Klutz', 'Simple'",67,Swoobat,77,55,114,psychic,flying,5,'Unaware', 'Klutz', 'Simple',,,
528,"'Sand Rush', 'Sand Force', 'Mold Breaker'",60,Drilbur,30,45,68,ground,,5,'Sand Rush', 'Sand Force', 'Mold Breaker',,,
529,"'Sand Rush', 'Sand Force', 'Mold Breaker'",110,Excadrill,50,65,88,ground,steel,5,'Sand Rush', 'Sand Force', 'Mold Breaker',,,
530,"'Healer', 'Regenerator', 'Klutz'",103,Audino,80,126,50,normal,,5,'Healer', 'Regenerator', 'Klutz',,,
531,"'Guts', 'Sheer Force', 'Iron Fist'",75,Timburr,25,35,35,fighting,,5,'Guts', 'Sheer Force', 'Iron Fist',,,
532,"'Guts', 'Sheer Force', 'Iron Fist'",85,Gurdurr,40,50,40,fighting,,5,'Guts', 'Sheer Force', 'Iron Fist',,,
533,"'Guts', 'Sheer Force', 'Iron Fist'",105,Conkeldurr,55,65,45,fighting,,5,'Guts', 'Sheer Force', 'Iron Fist',,,
534,"'Swift Swim', 'Hydration', 'Water Absorb'",50,Tympole,50,40,64,water,,5,'Swift Swim', 'Hydration', 'Water Absorb',,,
535,"'Swift Swim', 'Hydration', 'Water Absorb'",75,Palpitoad,65,55,69,water,ground,5,'Swift Swim', 'Hydration', 'Water Absorb',,,
536,"'Swift Swim', 'Poison Touch', 'Water Absorb'",105,Seismitoad,85,75,74,water,ground,5,'Swift Swim', 'Poison Touch', 'Water Absorb',,,
537,"'Guts', 'Inner Focus', 'Mold Breaker'",120,Throh,30,85,45,fighting,,5,'Guts', 'Inner Focus', 'Mold Breaker',,,
538,"'Sturdy', 'Inner Focus', 'Mold Breaker'",75,Sawk,30,75,85,fighting,,5,'Sturdy', 'Inner Focus', 'Mold Breaker',,,
539,"'Swarm', 'Chlorophyll', 'Overcoat'",45,Sewaddle,40,60,42,bug,grass,5,'Swarm', 'Chlorophyll', 'Overcoat',,,
540,"'Leaf Guard', 'Chlorophyll', 'Overcoat'",55,Swadloon,50,80,42,bug,grass,5,'Leaf Guard', 'Chlorophyll', 'Overcoat',,,
541,"'Swarm', 'Chlorophyll', 'Overcoat'",75,Leavanny,70,80,92,bug,grass,5,'Swarm', 'Chlorophyll', 'Overcoat',,,
542,"'Poison Point', 'Swarm', 'Speed Boost'",30,Venipede,30,39,57,bug,poison,5,'Poison Point', 'Swarm', 'Speed Boost',,,
543,"'Poison Point', 'Swarm', 'Speed Boost'",40,Whirlipede,40,79,47,bug,poison,5,'Poison Point', 'Swarm', 'Speed Boost',,,
544,"'Poison Point', 'Swarm', 'Speed Boost'",60,Scolipede,55,69,112,bug,poison,5,'Poison Point', 'Swarm', 'Speed Boost',,,
545,"'Prankster', 'Infiltrator', 'Chlorophyll'",40,Cottonee,37,50,66,grass,fairy,5,'Prankster', 'Infiltrator', 'Chlorophyll',,,
546,"'Prankster', 'Infiltrator', 'Chlorophyll'",60,Whimsicott,77,75,116,grass,fairy,5,'Prankster', 'Infiltrator', 'Chlorophyll',,,
547,"'Chlorophyll', 'Own Tempo', 'Leaf Guard'",45,Petilil,70,50,30,grass,,5,'Chlorophyll', 'Own Tempo', 'Leaf Guard',,,
548,"'Chlorophyll', 'Own Tempo', 'Leaf Guard'",70,Lilligant,110,75,90,grass,,5,'Chlorophyll', 'Own Tempo', 'Leaf Guard',,,
549,"'Reckless', 'Rock Head', 'Adaptability', 'Mold Breaker'",70,Basculin,80,55,98,water,,5,'Reckless', 'Rock Head', 'Adaptability', 'Mold Breaker',,
550,"'Intimidate', 'Moxie', 'Anger Point'",50,Sandile,35,35,65,ground,dark,5,'Intimidate', 'Moxie', 'Anger Point',,,
551,"'Intimidate', 'Moxie', 'Anger Point'",60,Krokorok,45,45,74,ground,dark,5,'Intimidate', 'Moxie', 'Anger Point',,,
552,"'Intimidate', 'Moxie', 'Anger Point'",95,Krookodile,65,70,92,ground,dark,5,'Intimidate', 'Moxie', 'Anger Point',,,
553,"'Hustle', 'Inner Focus'",70,Darumaka,15,45,50,fire,,5,'Hustle', 'Inner Focus',,,,
554,"'Sheer Force', 'Zen Mode'",105,Darmanitan,140,105,55,fire,fire,5,'Sheer Force', 'Zen Mode',,,,
555,"'Water Absorb', 'Chlorophyll', 'Storm Drain'",75,Maractus,106,67,60,grass,,5,'Water Absorb', 'Chlorophyll', 'Storm Drain',,,
556,"'Sturdy', 'Shell Armor', 'Weak Armor'",50,Dwebble,35,35,55,bug,rock,5,'Sturdy', 'Shell Armor', 'Weak Armor',,,
557,"'Sturdy', 'Shell Armor', 'Weak Armor'",70,Crustle,65,75,45,bug,rock,5,'Sturdy', 'Shell Armor', 'Weak Armor',,,
558,"'Shed Skin', 'Moxie', 'Intimidate'",50,Scraggy,35,70,48,dark,fighting,5,'Shed Skin', 'Moxie', 'Intimidate',,,
559,"'Shed Skin', 'Moxie', 'Intimidate'",65,Scrafty,45,115,58,dark,fighting,5,'Shed Skin', 'Moxie', 'Intimidate',,,
560,"'Wonder Skin ', 'Magic Guard', 'Tinted Lens'",72,Sigilyph,103,80,97,psychic,flying,5,'Wonder Skin ', 'Magic Guard', 'Tinted Lens',,,
561,'Mummy',38,Yamask,55,65,30,ghost,,5,'Mummy',,,,,
562,'Mummy',58,Cofagrigus,95,105,30,ghost,,5,'Mummy',,,,,
563,"'Solid Rock', 'Sturdy', 'Swift Swim'",54,Tirtouga,53,45,22,water,rock,5,'Solid Rock', 'Sturdy', 'Swift Swim',,,
564,"'Solid Rock', 'Sturdy', 'Swift Swim'",74,Carracosta,83,65,32,water,rock,5,'Solid Rock', 'Sturdy', 'Swift Swim',,,
565,'Defeatist',55,Archen,74,45,70,rock,flying,5,'Defeatist',,,,,
566,'Defeatist',75,Archeops,112,65,110,rock,flying,5,'Defeatist',,,,,
567,"'Stench', 'Sticky Hold', 'Aftermath'",50,Trubbish,40,62,65,poison,,5,'Stench', 'Sticky Hold', 'Aftermath',,,
568,"'Stench', 'Weak Armor', 'Aftermath'",80,Garbodor,60,82,75,poison,,5,'Stench', 'Weak Armor', 'Aftermath',,,
569,'Illusion',40,Zorua,80,40,65,dark,,5,'Illusion',,,,,
570,'Illusion',60,Zoroark,120,60,105,dark,,5,'Illusion',,,,,
571,"'Cute Charm', 'Technician', 'Skill Link'",55,Minccino,40,40,75,normal,,5,'Cute Charm', 'Technician', 'Skill Link',,,
572,"'Cute Charm', 'Technician', 'Skill Link'",75,Cinccino,65,60,115,normal,,5,'Cute Charm', 'Technician', 'Skill Link',,,
573,"'Frisk', 'Competitive', 'Shadow Tag'",45,Gothita,55,65,45,psychic,,5,'Frisk', 'Competitive', 'Shadow Tag',,,
574,"'Frisk', 'Competitive', 'Shadow Tag'",60,Gothorita,75,85,55,psychic,,5,'Frisk', 'Competitive', 'Shadow Tag',,,
575,"'Frisk', 'Competitive', 'Shadow Tag'",70,Gothitelle,95,110,65,psychic,,5,'Frisk', 'Competitive', 'Shadow Tag',,,
576,"'Overcoat', 'Magic Guard', 'Regenerator'",45,Solosis,105,50,20,psychic,,5,'Overcoat', 'Magic Guard', 'Regenerator',,,
577,"'Overcoat', 'Magic Guard', 'Regenerator'",65,Duosion,125,60,30,psychic,,5,'Overcoat', 'Magic Guard', 'Regenerator',,,
578,"'Overcoat', 'Magic Guard', 'Regenerator'",110,Reuniclus,125,85,30,psychic,,5,'Overcoat', 'Magic Guard', 'Regenerator',,,
579,"'Keen Eye', 'Big Pecks', 'Hydration'",62,Ducklett,44,50,55,water,flying,5,'Keen Eye', 'Big Pecks', 'Hydration',,,
580,"'Keen Eye', 'Big Pecks', 'Hydration'",75,Swanna,87,63,98,water,flying,5,'Keen Eye', 'Big Pecks', 'Hydration',,,
581,"'Ice Body', 'Snow Cloak', 'Weak Armor'",36,Vanillite,65,60,44,ice,,5,'Ice Body', 'Snow Cloak', 'Weak Armor',,,
582,"'Ice Body', 'Snow Cloak', 'Weak Armor'",51,Vanillish,80,75,59,ice,,5,'Ice Body', 'Snow Cloak', 'Weak Armor',,,
583,"'Ice Body', 'Snow Warning', 'Weak Armor'",71,Vanilluxe,110,95,79,ice,,5,'Ice Body', 'Snow Warning', 'Weak Armor',,,
584,"'Chlorophyll', 'Sap Sipper', 'Serene Grace'",60,Deerling,40,50,75,normal,grass,5,'Chlorophyll', 'Sap Sipper', 'Serene Grace',,,
585,"'Chlorophyll', 'Sap Sipper', 'Serene Grace'",80,Sawsbuck,60,70,95,normal,grass,5,'Chlorophyll', 'Sap Sipper', 'Serene Grace',,,
586,"'Static', 'Motor Drive'",55,Emolga,75,60,103,electric,flying,5,'Static', 'Motor Drive',,,,
587,"'Swarm', 'Shed Skin', 'No Guard'",50,Karrablast,40,45,60,bug,,5,'Swarm', 'Shed Skin', 'No Guard',,,
588,"'Swarm', 'Shell Armor', 'Overcoat'",70,Escavalier,60,105,20,bug,steel,5,'Swarm', 'Shell Armor', 'Overcoat',,,
589,"'Effect Spore', 'Regenerator'",69,Foongus,55,55,15,grass,poison,5,'Effect Spore', 'Regenerator',,,,
590,"'Effect Spore', 'Regenerator'",114,Amoonguss,85,80,30,grass,poison,5,'Effect Spore', 'Regenerator',,,,
591,"'Water Absorb', 'Cursed Body', 'Damp'",55,Frillish,65,85,40,water,ghost,5,'Water Absorb', 'Cursed Body', 'Damp',,,
592,"'Water Absorb', 'Cursed Body', 'Damp'",100,Jellicent,85,105,60,water,ghost,5,'Water Absorb', 'Cursed Body', 'Damp',,,
593,"'Healer', 'Hydration', 'Regenerator'",165,Alomomola,40,45,65,water,,5,'Healer', 'Hydration', 'Regenerator',,,
594,"'Compoundeyes', 'Unnerve', 'Swarm'",50,Joltik,57,50,65,bug,electric,5,'Compoundeyes', 'Unnerve', 'Swarm',,,
595,"'Compoundeyes', 'Unnerve', 'Swarm'",70,Galvantula,97,60,108,bug,electric,5,'Compoundeyes', 'Unnerve', 'Swarm',,,
596,'Iron Barbs',44,Ferroseed,24,86,10,grass,steel,5,'Iron Barbs',,,,,
597,"'Iron Barbs', 'Anticipation'",74,Ferrothorn,54,116,20,grass,steel,5,'Iron Barbs', 'Anticipation',,,,
598,"'Plus', 'Minus', 'Clear Body'",40,Klink,45,60,30,steel,,5,'Plus', 'Minus', 'Clear Body',,,
599,"'Plus', 'Minus', 'Clear Body'",60,Klang,70,85,50,steel,,5,'Plus', 'Minus', 'Clear Body',,,
600,"'Plus', 'Minus', 'Clear Body'",60,Klinklang,70,85,90,steel,,5,'Plus', 'Minus', 'Clear Body',,,
601,'Levitate',35,Tynamo,45,40,60,electric,,5,'Levitate',,,,,
602,'Levitate',65,Eelektrik,75,70,40,electric,,5,'Levitate',,,,,
603,'Levitate',85,Eelektross,105,80,50,electric,,5,'Levitate',,,,,
604,"'Telepathy', 'Synchronize', 'Analytic'",55,Elgyem,85,55,30,psychic,,5,'Telepathy', 'Synchronize', 'Analytic',,,
605,"'Telepathy', 'Synchronize', 'Analytic'",75,Beheeyem,125,95,40,psychic,,5,'Telepathy', 'Synchronize', 'Analytic',,,
606,"'Flash Fire', 'Flame Body', 'Infiltrator'",50,Litwick,65,55,20,ghost,fire,5,'Flash Fire', 'Flame Body', 'Infiltrator',,,
607,"'Flash Fire', 'Flame Body', 'Infiltrator'",60,Lampent,95,60,55,ghost,fire,5,'Flash Fire', 'Flame Body', 'Infiltrator',,,
608,"'Flash Fire', 'Flame Body', 'Infiltrator'",60,Chandelure,145,90,80,ghost,fire,5,'Flash Fire', 'Flame Body', 'Infiltrator',,,
609,"'Rivalry', 'Mold Breaker', 'Unnerve'",46,Axew,30,40,57,dragon,,5,'Rivalry', 'Mold Breaker', 'Unnerve',,,
610,"'Rivalry', 'Mold Breaker', 'Unnerve'",66,Fraxure,40,50,67,dragon,,5,'Rivalry', 'Mold Breaker', 'Unnerve',,,
611,"'Rivalry', 'Mold Breaker', 'Unnerve'",76,Haxorus,60,70,97,dragon,,5,'Rivalry', 'Mold Breaker', 'Unnerve',,,
612,"'Snow Cloak', 'Slush Rush', 'Rattled'",55,Cubchoo,60,40,40,ice,,5,'Snow Cloak', 'Slush Rush', 'Rattled',,,
613,"'Snow Cloak', 'Slush Rush', 'Swift Swim'",95,Beartic,70,80,50,ice,,5,'Snow Cloak', 'Slush Rush', 'Swift Swim',,,
614,'Levitate',80,Cryogonal,95,135,105,ice,,5,'Levitate',,,,,
615,"'Hydration', 'Shell Armor', 'Overcoat'",50,Shelmet,40,65,25,bug,,5,'Hydration', 'Shell Armor', 'Overcoat',,,
616,"'Hydration', 'Sticky Hold', 'Unburden'",80,Accelgor,100,60,145,bug,,5,'Hydration', 'Sticky Hold', 'Unburden',,,
617,"'Static', 'Limber', 'Sand Veil'",109,Stunfisk,81,99,32,ground,electric,5,'Static', 'Limber', 'Sand Veil',,,
618,"'Inner Focus', 'Regenerator', 'Reckless'",45,Mienfoo,55,50,65,fighting,,5,'Inner Focus', 'Regenerator', 'Reckless',,,
619,"'Inner Focus', 'Regenerator', 'Reckless'",65,Mienshao,95,60,105,fighting,,5,'Inner Focus', 'Regenerator', 'Reckless',,,
620,"'Rough Skin', 'Sheer Force', 'Mold Breaker'",77,Druddigon,60,90,48,dragon,,5,'Rough Skin', 'Sheer Force', 'Mold Breaker',,,
621,"'Iron Fist', 'Klutz', 'No Guard'",59,Golett,35,50,35,ground,ghost,5,'Iron Fist', 'Klutz', 'No Guard',,,
622,"'Iron Fist', 'Klutz', 'No Guard'",89,Golurk,55,80,55,ground,ghost,5,'Iron Fist', 'Klutz', 'No Guard',,,
623,"'Defiant', 'Inner Focus', 'Pressure'",45,Pawniard,40,40,60,dark,steel,5,'Defiant', 'Inner Focus', 'Pressure',,,
624,"'Defiant', 'Inner Focus', 'Pressure'",65,Bisharp,60,70,70,dark,steel,5,'Defiant', 'Inner Focus', 'Pressure',,,
625,"'Reckless', 'Sap Sipper', 'Soundproof'",95,Bouffalant,40,95,55,normal,,5,'Reckless', 'Sap Sipper', 'Soundproof',,,
626,"'Keen Eye', 'Sheer Force', 'Hustle'",70,Rufflet,37,50,60,normal,flying,5,'Keen Eye', 'Sheer Force', 'Hustle',,,
627,"'Keen Eye', 'Sheer Force', 'Defiant'",100,Braviary,57,75,80,normal,flying,5,'Keen Eye', 'Sheer Force', 'Defiant',,,
628,"'Big Pecks', 'Overcoat', 'Weak Armor'",70,Vullaby,45,65,60,dark,flying,5,'Big Pecks', 'Overcoat', 'Weak Armor',,,
629,"'Big Pecks', 'Overcoat', 'Weak Armor'",110,Mandibuzz,55,95,80,dark,flying,5,'Big Pecks', 'Overcoat', 'Weak Armor',,,
630,"'Gluttony', 'Flash Fire', 'White Smoke'",85,Heatmor,105,66,65,fire,,5,'Gluttony', 'Flash Fire', 'White Smoke',,,
631,"'Swarm', 'Hustle', 'Truant'",58,Durant,48,48,109,bug,steel,5,'Swarm', 'Hustle', 'Truant',,,
632,'Hustle',52,Deino,45,50,38,dark,dragon,5,'Hustle',,,,,
633,'Hustle',72,Zweilous,65,70,58,dark,dragon,5,'Hustle',,,,,
634,'Levitate',92,Hydreigon,125,90,98,dark,dragon,5,'Levitate',,,,,
635,"'Flame Body', 'Swarm'",55,Larvesta,50,55,60,bug,fire,5,'Flame Body', 'Swarm',,,,
636,"'Flame Body', 'Swarm'",85,Volcarona,135,105,100,bug,fire,5,'Flame Body', 'Swarm',,,,
637,'Justified',91,Cobalion,90,72,108,steel,fighting,5,'Justified',,,,,
638,'Justified',91,Terrakion,72,90,108,rock,fighting,5,'Justified',,,,,
639,'Justified',91,Virizion,90,129,108,grass,fighting,5,'Justified',,,,,
640,"'Prankster', 'Defiant', 'Regenerator'",79,Tornadus,110,90,121,flying,,5,'Prankster', 'Defiant', 'Regenerator',,,
641,"'Prankster', 'Defiant', 'Volt Absorb'",79,Thundurus,145,80,101,electric,flying,5,'Prankster', 'Defiant', 'Volt Absorb',,,
642,'Turboblaze',100,Reshiram,150,120,90,dragon,fire,5,'Turboblaze',,,,,
643,'Teravolt',100,Zekrom,120,100,90,dragon,electric,5,'Teravolt',,,,,
644,"'Sand Force', 'Sheer Force', 'Intimidate'",89,Landorus,105,80,91,ground,flying,5,'Sand Force', 'Sheer Force', 'Intimidate',,,
645,"'Pressure', 'Teravolt', 'Turboblaze'",125,Kyurem,170,100,95,dragon,ice,5,'Pressure', 'Teravolt', 'Turboblaze',,,
646,'Justified',91,Keldeo,129,90,108,water,fighting,5,'Justified',,,,,
647,'Serene Grace',100,Meloetta,77,77,128,normal,psychic,5,'Serene Grace',,,,,
648,'Download',71,Genesect,120,95,99,bug,steel,5,'Download',,,,,
649,"'Overgrow', 'Bulletproof'",56,Chespin,48,45,38,grass,,6,'Overgrow', 'Bulletproof',,,,
650,"'Overgrow', 'Bulletproof'",61,Quilladin,56,58,57,grass,,6,'Overgrow', 'Bulletproof',,,,
651,"'Overgrow', 'Bulletproof'",88,Chesnaught,74,75,64,grass,fighting,6,'Overgrow', 'Bulletproof',,,,
652,"'Blaze', 'Magician'",40,Fennekin,62,60,60,fire,,6,'Blaze', 'Magician',,,,
653,"'Blaze', 'Magician'",59,Braixen,90,70,73,fire,,6,'Blaze', 'Magician',,,,
654,"'Blaze', 'Magician'",75,Delphox,114,100,104,fire,psychic,6,'Blaze', 'Magician',,,,
655,"'Torrent', 'Protean'",41,Froakie,62,44,71,water,,6,'Torrent', 'Protean',,,,
656,"'Torrent', 'Protean'",54,Frogadier,83,56,97,water,,6,'Torrent', 'Protean',,,,
657,"'Torrent', 'Protean', 'Battle Bond'",72,Greninja,153,71,132,water,dark,6,'Torrent', 'Protean', 'Battle Bond',,,
658,"'Pickup', 'Cheek Pouch', 'Huge Power'",38,Bunnelby,32,36,57,normal,,6,'Pickup', 'Cheek Pouch', 'Huge Power',,,
659,"'Pickup', 'Cheek Pouch', 'Huge Power'",85,Diggersby,50,77,78,normal,ground,6,'Pickup', 'Cheek Pouch', 'Huge Power',,,
660,"'Big Pecks', 'Gale Wings'",45,Fletchling,40,38,62,normal,flying,6,'Big Pecks', 'Gale Wings',,,,
661,"'Flame Body', 'Gale Wings'",62,Fletchinder,56,52,84,fire,flying,6,'Flame Body', 'Gale Wings',,,,
662,"'Flame Body', 'Gale Wings'",78,Talonflame,74,69,126,fire,flying,6,'Flame Body', 'Gale Wings',,,,
663,"'Shield Dust', 'Compoundeyes', 'Friend Guard'",38,Scatterbug,27,25,35,bug,,6,'Shield Dust', 'Compoundeyes', 'Friend Guard',,,
664,"'Shed Skin', 'Friend Guard'",45,Spewpa,27,30,29,bug,,6,'Shed Skin', 'Friend Guard',,,,
665,"'Shield Dust', 'Compoundeyes', 'Friend Guard'",80,Vivillon,90,50,89,bug,flying,6,'Shield Dust', 'Compoundeyes', 'Friend Guard',,,
666,"'Rivalry', 'Unnerve', 'Moxie'",62,Litleo,73,54,72,fire,normal,6,'Rivalry', 'Unnerve', 'Moxie',,,
667,"'Rivalry', 'Unnerve', 'Moxie'",86,Pyroar,109,66,106,fire,normal,6,'Rivalry', 'Unnerve', 'Moxie',,,
668,"'Flower Veil', 'Symbiosis'",44,Flabébé,61,79,42,fairy,,6,'Flower Veil', 'Symbiosis',,,,
669,"'Flower Veil', 'Symbiosis'",74,Floette,125,128,92,fairy,,6,'Flower Veil', 'Symbiosis',,,,
670,"'Flower Veil', 'Symbiosis'",78,Florges,112,154,75,fairy,,6,'Flower Veil', 'Symbiosis',,,,
671,"'Sap Sipper', 'Grass Pelt'",66,Skiddo,62,57,52,grass,,6,'Sap Sipper', 'Grass Pelt',,,,
672,"'Sap Sipper', 'Grass Pelt'",123,Gogoat,97,81,68,grass,,6,'Sap Sipper', 'Grass Pelt',,,,
673,"'Iron Fist', 'Mold Breaker', 'Scrappy'",67,Pancham,46,48,43,fighting,,6,'Iron Fist', 'Mold Breaker', 'Scrappy',,,
674,"'Iron Fist', 'Mold Breaker', 'Scrappy'",95,Pangoro,69,71,58,fighting,dark,6,'Iron Fist', 'Mold Breaker', 'Scrappy',,,
675,'Fur Coat',75,Furfrou,65,90,102,normal,,6,'Fur Coat',,,,,
676,"'Keen Eye', 'Infiltrator', 'Own Tempo'",62,Espurr,63,60,68,psychic,,6,'Keen Eye', 'Infiltrator', 'Own Tempo',,,
677,"'Keen Eye', 'Infiltrator', 'Prankster', 'Competitive'",74,Meowstic,83,81,104,psychic,,6,'Keen Eye', 'Infiltrator', 'Prankster', 'Competitive',,
678,'No Guard',45,Honedge,35,37,28,steel,ghost,6,'No Guard',,,,,
679,'No Guard',59,Doublade,45,49,35,steel,ghost,6,'No Guard',,,,,
680,'Stance Change',60,Aegislash,150,50,60,steel,ghost,6,'Stance Change',,,,,
681,"'Healer', 'Aroma Veil'",78,Spritzee,63,65,23,fairy,,6,'Healer', 'Aroma Veil',,,,
682,"'Healer', 'Aroma Veil'",101,Aromatisse,99,89,29,fairy,,6,'Healer', 'Aroma Veil',,,,
683,"'Sweet Veil', 'Unburden'",62,Swirlix,59,57,49,fairy,,6,'Sweet Veil', 'Unburden',,,,
684,"'Sweet Veil', 'Unburden'",82,Slurpuff,85,75,72,fairy,,6,'Sweet Veil', 'Unburden',,,,
685,"'Contrary', 'Suction Cups', 'Infiltrator'",53,Inkay,37,46,45,dark,psychic,6,'Contrary', 'Suction Cups', 'Infiltrator',,,
686,"'Contrary', 'Suction Cups', 'Infiltrator'",86,Malamar,68,75,73,dark,psychic,6,'Contrary', 'Suction Cups', 'Infiltrator',,,
687,"'Tough Claws', 'Sniper', 'Pickpocket'",42,Binacle,39,56,50,rock,water,6,'Tough Claws', 'Sniper', 'Pickpocket',,,
688,"'Tough Claws', 'Sniper', 'Pickpocket'",72,Barbaracle,54,86,68,rock,water,6,'Tough Claws', 'Sniper', 'Pickpocket',,,
689,"'Poison Point', 'Poison Touch', 'Adaptability'",50,Skrelp,60,60,30,poison,water,6,'Poison Point', 'Poison Touch', 'Adaptability',,,
690,"'Poison Point', 'Poison Touch', 'Adaptability'",65,Dragalge,97,123,44,poison,dragon,6,'Poison Point', 'Poison Touch', 'Adaptability',,,
691,'Mega Launcher',50,Clauncher,58,63,44,water,,6,'Mega Launcher',,,,,
692,'Mega Launcher',71,Clawitzer,120,89,59,water,,6,'Mega Launcher',,,,,
693,"'Dry Skin', 'Sand Veil', 'Solar Power'",44,Helioptile,61,43,70,electric,normal,6,'Dry Skin', 'Sand Veil', 'Solar Power',,,
694,"'Dry Skin', 'Sand Veil', 'Solar Power'",62,Heliolisk,109,94,109,electric,normal,6,'Dry Skin', 'Sand Veil', 'Solar Power',,,
695,"'Strong Jaw', 'Sturdy'",58,Tyrunt,45,45,48,rock,dragon,6,'Strong Jaw', 'Sturdy',,,,
696,"'Strong Jaw', 'Rock Head'",82,Tyrantrum,69,59,71,rock,dragon,6,'Strong Jaw', 'Rock Head',,,,
697,"'Refrigerate', 'Snow Warning'",77,Amaura,67,63,46,rock,ice,6,'Refrigerate', 'Snow Warning',,,,
698,"'Refrigerate', 'Snow Warning'",123,Aurorus,99,92,58,rock,ice,6,'Refrigerate', 'Snow Warning',,,,
699,"'Cute Charm', 'Pixilate'",95,Sylveon,110,130,60,fairy,,6,'Cute Charm', 'Pixilate',,,,
700,"'Limber', 'Unburden', 'Mold Breaker'",78,Hawlucha,74,63,118,fighting,flying,6,'Limber', 'Unburden', 'Mold Breaker',,,
701,"'Cheek Pouch', 'Pickup', 'Plus'",67,Dedenne,81,67,101,electric,fairy,6,'Cheek Pouch', 'Pickup', 'Plus',,,
702,"'Clear Body', 'Sturdy'",50,Carbink,50,150,50,rock,fairy,6,'Clear Body', 'Sturdy',,,,
703,"'Sap Sipper', 'Hydration', 'Gooey'",45,Goomy,55,75,40,dragon,,6,'Sap Sipper', 'Hydration', 'Gooey',,,
704,"'Sap Sipper', 'Hydration', 'Gooey'",68,Sliggoo,83,113,60,dragon,,6,'Sap Sipper', 'Hydration', 'Gooey',,,
705,"'Sap Sipper', 'Hydration', 'Gooey'",90,Goodra,110,150,80,dragon,,6,'Sap Sipper', 'Hydration', 'Gooey',,,
706,"'Prankster', 'Magician'",57,Klefki,80,87,75,steel,fairy,6,'Prankster', 'Magician',,,,
707,"'Natural Cure', 'Frisk', 'Harvest'",43,Phantump,50,60,38,ghost,grass,6,'Natural Cure', 'Frisk', 'Harvest',,,
708,"'Natural Cure', 'Frisk', 'Harvest'",85,Trevenant,65,82,56,ghost,grass,6,'Natural Cure', 'Frisk', 'Harvest',,,
709,"'Pickup', 'Frisk', 'Insomnia'",59,Pumpkaboo,44,55,41,ghost,grass,6,'Pickup', 'Frisk', 'Insomnia',,,
710,"'Pickup', 'Frisk', 'Insomnia'",85,Gourgeist,58,75,54,ghost,grass,6,'Pickup', 'Frisk', 'Insomnia',,,
711,"'Own Tempo', 'Ice Body', 'Sturdy'",55,Bergmite,32,35,28,ice,,6,'Own Tempo', 'Ice Body', 'Sturdy',,,
712,"'Own Tempo', 'Ice Body', 'Sturdy'",95,Avalugg,44,46,28,ice,,6,'Own Tempo', 'Ice Body', 'Sturdy',,,
713,"'Frisk', 'Infiltrator', 'Telepathy'",40,Noibat,45,40,55,flying,dragon,6,'Frisk', 'Infiltrator', 'Telepathy',,,
714,"'Frisk', 'Infiltrator', 'Telepathy'",85,Noivern,97,80,123,flying,dragon,6,'Frisk', 'Infiltrator', 'Telepathy',,,
715,'Fairy Aura',126,Xerneas,131,98,99,fairy,,6,'Fairy Aura',,,,,
716,'Dark Aura',126,Yveltal,131,98,99,dark,flying,6,'Dark Aura',,,,,
717,"'Aura Break', 'Power Construct'",216,Zygarde,91,95,85,dragon,ground,6,'Aura Break', 'Power Construct',,,,
718,'Clear Body',50,Diancie,160,110,110,rock,fairy,6,'Clear Body',,,,,
719,'Magician',80,Hoopa,170,130,80,psychic,ghost,6,'Magician',,,,,
720,'Water Absorb',80,Volcanion,130,90,70,fire,water,6,'Water Absorb',,,,,
721,"'Overgrow', 'Long Reach'",68,Rowlet,50,50,42,grass,flying,7,'Overgrow', 'Long Reach',,,,
722,"'Overgrow', 'Long Reach'",78,Dartrix,70,70,52,grass,flying,7,'Overgrow', 'Long Reach',,,,
723,"'Overgrow', 'Long Reach'",78,Decidueye,100,100,70,grass,ghost,7,'Overgrow', 'Long Reach',,,,
724,"'Blaze', 'Intimidate'",45,Litten,60,40,70,fire,,7,'Blaze', 'Intimidate',,,,
725,"'Blaze', 'Intimidate'",65,Torracat,80,50,90,fire,,7,'Blaze', 'Intimidate',,,,
726,"'Blaze', 'Intimidate'",95,Incineroar,80,90,60,fire,dark,7,'Blaze', 'Intimidate',,,,
727,"'Torrent', 'Liquid Voice'",50,Popplio,66,56,40,water,,7,'Torrent', 'Liquid Voice',,,,
728,"'Torrent', 'Liquid Voice'",60,Brionne,91,81,50,water,,7,'Torrent', 'Liquid Voice',,,,
729,"'Torrent', 'Liquid Voice'",80,Primarina,126,116,60,water,fairy,7,'Torrent', 'Liquid Voice',,,,
730,"'Keen Eye', 'Skill Link', 'Pickup'",35,Pikipek,30,30,65,normal,flying,7,'Keen Eye', 'Skill Link', 'Pickup',,,
731,"'Keen Eye', 'Skill Link', 'Pickup'",55,Trumbeak,40,50,75,normal,flying,7,'Keen Eye', 'Skill Link', 'Pickup',,,
732,"'Keen Eye', 'Skill Link', 'Sheer Force'",80,Toucannon,75,75,60,normal,flying,7,'Keen Eye', 'Skill Link', 'Sheer Force',,,
733,"'Stakeout', 'Strong Jaw', 'Adaptability'",48,Yungoos,30,30,45,normal,,7,'Stakeout', 'Strong Jaw', 'Adaptability',,,
734,"'Stakeout', 'Strong Jaw', 'Adaptability'",88,Gumshoos,55,60,45,normal,,7,'Stakeout', 'Strong Jaw', 'Adaptability',,,
735,'Swarm',47,Grubbin,55,45,46,bug,,7,'Swarm',,,,,
736,'Battery',57,Charjabug,55,75,36,bug,electric,7,'Battery',,,,,
737,'Levitate',77,Vikavolt,145,75,43,bug,electric,7,'Levitate',,,,,
738,"'Hyper Cutter', 'Iron Fist', 'Anger Point'",47,Crabrawler,42,47,63,fighting,,7,'Hyper Cutter', 'Iron Fist', 'Anger Point',,,
739,"'Hyper Cutter', 'Iron Fist', 'Anger Point'",97,Crabominable,62,67,43,fighting,ice,7,'Hyper Cutter', 'Iron Fist', 'Anger Point',,,
740,'Dancer',75,Oricorio,98,70,93,fire,flying,7,'Dancer',,,,,
741,"'Honey Gather', 'Shield Dust', 'Sweet Veil'",40,Cutiefly,55,40,84,bug,fairy,7,'Honey Gather', 'Shield Dust', 'Sweet Veil',,,
742,"'Honey Gather', 'Shield Dust', 'Sweet Veil'",60,Ribombee,95,70,124,bug,fairy,7,'Honey Gather', 'Shield Dust', 'Sweet Veil',,,
743,"'Keen Eye', 'Vital Spirit', 'Steadfast'",45,Rockruff,30,40,60,rock,,7,'Keen Eye', 'Vital Spirit', 'Steadfast',,,
744,"'Keen Eye', 'Sand Rush', 'Steadfast', 'Keen Eye', 'Vital Spirit', 'No Guard'",85,Lycanroc,55,75,82,rock,,7,'Keen Eye', 'Sand Rush', 'Steadfast', 'Keen Eye', 'Vital Spirit', 'No Guard'
745,'Schooling',45,Wishiwashi,140,135,30,water,,7,'Schooling',,,,,
746,"'Merciless', 'Limber', 'Regenerator'",50,Mareanie,43,52,45,poison,water,7,'Merciless', 'Limber', 'Regenerator',,,
747,"'Merciless', 'Limber', 'Regenerator'",50,Toxapex,53,142,35,poison,water,7,'Merciless', 'Limber', 'Regenerator',,,
748,"'Own Tempo', 'Stamina', 'Inner Focus'",70,Mudbray,45,55,45,ground,,7,'Own Tempo', 'Stamina', 'Inner Focus',,,
749,"'Own Tempo', 'Stamina', 'Inner Focus'",100,Mudsdale,55,85,35,ground,,7,'Own Tempo', 'Stamina', 'Inner Focus',,,
750,"'Water Bubble', 'Water Absorb'",38,Dewpider,40,72,27,water,bug,7,'Water Bubble', 'Water Absorb',,,,
751,"'Water Bubble', 'Water Absorb'",68,Araquanid,50,132,42,water,bug,7,'Water Bubble', 'Water Absorb',,,,
752,"'Leaf Guard', 'Contrary'",40,Fomantis,50,35,35,grass,,7,'Leaf Guard', 'Contrary',,,,
753,"'Leaf Guard', 'Contrary'",70,Lurantis,80,90,45,grass,,7,'Leaf Guard', 'Contrary',,,,
754,"'Illuminate', 'Effect Spore', 'Rain Dish'",40,Morelull,65,75,15,grass,fairy,7,'Illuminate', 'Effect Spore', 'Rain Dish',,,
755,"'Illuminate', 'Effect Spore', 'Rain Dish'",60,Shiinotic,90,100,30,grass,fairy,7,'Illuminate', 'Effect Spore', 'Rain Dish',,,
756,"'Corrosion', 'Oblivious'",48,Salandit,71,40,77,poison,fire,7,'Corrosion', 'Oblivious',,,,
